"","lean_vs_overweight.Df","lean_vs_overweight.SumOfSqs","lean_vs_overweight.R2","lean_vs_overweight.F","lean_vs_overweight.Pr..F."
"bmi_group",1,1.95925719626678,0.0834958753164913,11.8613275696489,0.001
"timepoint.within.group",1,0.290486777039481,0.0123794097900944,1.75860465062071,0.093
"bmi_group:timepoint.within.group",1,0.0724996486925957,0.00308965134299914,0.438912299756204,0.866
"Residual",128,21.1430735429534,0.901035063550415,NA,NA
"Total",131,23.4653171649523,1,NA,NA
